site_code,lat,long,shrub_ID
Cuyama_1,34.84985253,-119.4837565,632
Cuyama_1,34.84979121,-119.4839024,633
Cuyama_1,34.84973573,-119.4840767,634
Cuyama_1,34.84965981,-119.4842973,635
Cuyama_1,34.84956012,-119.484457,636
Cuyama_1,34.84943265,-119.4847742,637
Cuyama_1,34.8494025,-119.4846507,638
Cuyama_1,34.84949899,-119.4844656,639
Cuyama_1,34.84944471,-119.4845288,640
Cuyama_1,34.84972594,-119.4837806,641
Cuyama_1,34.84969976,-119.4838599,642
Cuyama_1,34.84967698,-119.4840145,643
Cuyama_1,34.84967097,-119.4841235,644
Cuyama_1,34.84965531,-119.4840912,645
Cuyama_1,34.84962386,-119.484044,646
Cuyama_1,34.84966469,-119.4838938,647
Cuyama_1,34.84965453,-119.4838145,648
Cuyama_1,34.84961242,-119.4838806,649
Cuyama_1,34.84960161,-119.4839924,650
Cuyama_1,34.84956479,-119.4838412,651
Cuyama_1,34.84954452,-119.4840584,652
Cuyama_1,34.84955928,-119.4841497,653
Cuyama_1,34.84959712,-119.4842384,654
Cuyama_1,34.8495728,-119.4842912,655
Cuyama_1,34.84953346,-119.4839893,656
Cuyama_1,34.84955141,-119.4837886,657
Cuyama_1,34.84958028,-119.4836581,658
Cuyama_1,34.84951052,-119.4837871,659
Cuyama_1,34.84951774,-119.4836347,660
Cuyama_1,34.84946602,-119.4836215,661
Cuyama_1,34.8494131,-119.4836186,662
Cuyama_1,34.84946237,-119.4839527,663
Cuyama_1,34.84950496,-119.484279,664
Cuyama_1,34.84949643,-119.4842068,665
Cuyama_1,34.84942397,-119.4840715,666
Cuyama_1,34.84944944,-119.4842172,667
Cuyama_1,34.84943978,-119.4842656,668
Cuyama_1,34.84941327,-119.4844538,669
Cuyama_1,34.84942865,-119.483683,670
Cuyama_1,34.84943105,-119.4837562,671
Cuyama_1,34.84940814,-119.4839453,672
Cuyama_1,34.84933003,-119.4835261,673
Cuyama_1,34.84929996,-119.4836111,674
Cuyama_1,34.84936972,-119.4837987,675
Cuyama_1,34.84935649,-119.4838427,676
Cuyama_1,34.84932522,-119.4839292,677
Cuyama_1,34.84931199,-119.4840493,678
Cuyama_1,34.84928433,-119.4839511,679
Cuyama_1,34.84923862,-119.4839995,680
Cuyama_1,34.84933368,-119.484208,681
Cuyama_1,34.84929756,-119.4842827,682
Cuyama_1,34.84928553,-119.4838002,683
Cuyama_1,34.84926989,-119.4835129,684
Cuyama_1,34.84923141,-119.4836624,685
Cuyama_1,34.84920254,-119.4836097,686
Cuyama_1,34.84918568,-119.4835099,687
Cuyama_1,34.84916526,-119.4838881,688
Cuyama_1,34.84914962,-119.4838207,689
Cuyama_1,34.84912076,-119.4837108,690
Cuyama_1,34.84919773,-119.4841065,691
Cuyama_1,34.84917488,-119.4842032,692
Cuyama_1,34.84910753,-119.4842252,693
Cuyama_1,34.84918921,-119.4843047,694
Cuyama_1,34.84924691,-119.4844171,695
Cuyama_1,34.84929756,-119.48457,696
Cuyama_1,34.8491531,-119.483407,697
Cuyama_1,34.84910037,-119.4836376,698
Cuyama_1,34.84910512,-119.4834734,699
Cuyama_1,34.84909671,-119.4839995,700
Cuyama_1,34.84903657,-119.4840083,701
Cuyama_1,34.8490968,-119.4835498,702
Cuyama_1,34.84904165,-119.4838091,703
Cuyama_1,34.84906701,-119.4833717,704
Cuyama_1,34.84902653,-119.4834308,705
Cuyama_1,34.84905178,-119.4835683,706
Cuyama_1,34.84896834,-119.4834827,707
Cuyama_1,34.84895516,-119.4836811,708
Cuyama_1,34.84895298,-119.4836229,709
Cuyama_1,34.84921917,-119.4844583,710
Cuyama_1,34.84905461,-119.4842706,711
Cuyama_1,34.84902347,-119.4839526,712
Cuyama_1,34.84898374,-119.4840024,713
Cuyama_1,34.84897161,-119.4840669,714
Cuyama_1,34.84894746,-119.4841007,715
Cuyama_1,34.849101,-119.4844567,716
Cuyama_1,34.8490218,-119.4843562,717
Cuyama_1,34.84894511,-119.4839556,718
Cuyama_1,34.84896231,-119.4838633,719
Cuyama_1,34.84895324,-119.4837537,720
Cuyama_1,34.84891136,-119.4839819,721
Cuyama_1,34.84893607,-119.4838194,722
Cuyama_1,34.84889049,-119.4838092,723
Cuyama_1,34.84891726,-119.4842049,724
Cuyama_1,34.84938793,-119.4849245,725
Cuyama_1,34.84926062,-119.4849267,726
Cuyama_1,34.84916625,-119.4849471,727
Cuyama_1,34.84918024,-119.4847751,728
Cuyama_1,34.84904811,-119.4848511,729
Cuyama_1,34.84919985,-119.4847258,730
Cuyama_1,34.84897478,-119.4848481,731
Cuyama_1,34.84910911,-119.4845928,732
Cuyama_1,34.8490282,-119.4847154,733
Cuyama_1,34.84892146,-119.4847077,734
Cuyama_1,34.84887503,-119.4847716,735
Cuyama_1,34.84882241,-119.4847746,736
Cuyama_1,34.84882479,-119.4846121,737
Cuyama_1,34.84886163,-119.484299,738
Cuyama_1,34.848791,-119.484405,739
Cuyama_1,34.84870704,-119.4846712,740
Cuyama_1,34.8486925,-119.4845567,741
Cuyama_1,34.84875954,-119.4842877,742
Cuyama_1,34.84870957,-119.4844676,743
Cuyama_1,34.8485925,-119.4845612,744
Cuyama_1,34.84869006,-119.4843413,745
Cuyama_1,34.84888728,-119.484105,746
Cuyama_1,34.84859611,-119.4843912,747
Cuyama_1,34.84867837,-119.4842239,748
Cuyama_1,34.84884025,-119.4840014,749
Cuyama_1,34.84882346,-119.4841148,750
Cuyama_1,34.84877583,-119.48399,751
Cuyama_1,34.84875134,-119.4839361,752
Cuyama_1,34.84888356,-119.4836618,753
Cuyama_1,34.8489541,-119.4833737,754
Cuyama_1,34.84888353,-119.4835247,755
Cuyama_1,34.84884261,-119.4834559,756
Cuyama_1,34.84881965,-119.4836489,757
Cuyama_1,34.84877403,-119.4835933,758
Cuyama_1,34.84873905,-119.4836971,759
Cuyama_1,34.84881359,-119.483306,760
Cuyama_1,34.84875578,-119.4832116,761
Cuyama_1,34.84873905,-119.483812,762
Cuyama_1,34.84867065,-119.4840251,763
Cuyama_1,34.8486539,-119.4838768,764
Cuyama_1,34.84862349,-119.4839324,765
Cuyama_1,34.84857939,-119.4840325,766
Cuyama_1,34.84855351,-119.4841159,767
Cuyama_1,34.84847395,-119.4842121,768
Cuyama_1,34.84838188,-119.4842696,769
Cuyama_1,34.84837963,-119.4845268,770
Cuyama_1,34.84831113,-119.4844639,771
Cuyama_1,34.84847737,-119.4840684,772
Cuyama_1,34.84853912,-119.4838482,773
Cuyama_1,34.84850434,-119.4838961,774
Cuyama_1,34.84842812,-119.4840218,775
Cuyama_1,34.84844151,-119.4839357,776
Cuyama_1,34.84824867,-119.4843812,777
Cuyama_1,34.84819106,-119.4843231,778
Cuyama_1,34.84822205,-119.4841604,779
Cuyama_1,34.84867711,-119.4836951,780
Cuyama_1,34.84878256,-119.4834655,781
Cuyama_1,34.84874778,-119.4835133,782
Cuyama_1,34.84868608,-119.483527,783
Cuyama_1,34.84868608,-119.4833055,784
Cuyama_1,34.84861878,-119.4834298,785
Cuyama_1,34.84851556,-119.4836978,786
Cuyama_1,34.84821881,-119.484076,787
Cuyama_1,34.84849086,-119.4838427,788
Cuyama_1,34.84841142,-119.4837856,789
Cuyama_1,34.84839715,-119.4836279,790
Cuyama_1,34.84833265,-119.4838094,791
Cuyama_1,34.84812751,-119.4841135,792
Cuyama_1,34.84826023,-119.4837594,793
Cuyama_1,34.84822652,-119.4837846,794
Cuyama_1,34.84800903,-119.4837475,795
Cuyama_1,34.84849225,-119.4833938,796
Cuyama_1,34.84833762,-119.4835579,797
Cuyama_1,34.84820586,-119.483603,798
Cuyama_1,34.84832009,-119.4834877,799
Cuyama_1,34.84835182,-119.4833774,800
Cuyama_1,34.84835306,-119.4832443,801
Cuyama_1,34.84833336,-119.4833122,802
Cuyama_1,34.84817867,-119.483452,803
Cuyama_1,34.84807319,-119.4835394,804
Cuyama_1,34.84846579,-119.4831465,805
Cuyama_1,34.84827339,-119.4832765,806
Cuyama_1,34.84816234,-119.4832915,807
Cuyama_1,34.84811234,-119.4833115,808
Cuyama_1,34.84801665,-119.4833659,809
Cuyama_1,34.84829532,-119.4830913,810
Cuyama_1,34.84825165,-119.4830438,811
Cuyama_1,34.84816122,-119.4831188,812
Cuyama_1,34.84813621,-119.4832012,813
Cuyama_1,34.8480342,-119.4831358,814
Cuyama_1,34.84837971,-119.4828554,815
Cuyama_1,34.84846199,-119.4829491,816
Cuyama_1,34.84837371,-119.4829342,817
Cuyama_1,34.84836731,-119.4827897,818
Cuyama_1,34.84831341,-119.4829305,819
Cuyama_1,34.84821137,-119.4828593,820
Cuyama_1,34.84811413,-119.4829028,821
Cuyama_1,34.84810025,-119.4826941,822
Cuyama_1,34.84806016,-119.4828259,823
Cuyama_1,34.8480587,-119.4826535,824
Cuyama_1,34.84800482,-119.4827663,825
Cuyama_2,34.8551896,-119.4886437,1
Cuyama_2,34.85517699,-119.4885918,2
Cuyama_2,34.85516026,-119.4885409,3
Cuyama_2,34.85507789,-119.4886481,4
Cuyama_2,34.85499278,-119.4886606,5
Cuyama_2,34.85519535,-119.4883905,6
Cuyama_2,34.85520315,-119.488081,7
Cuyama_2,34.85518211,-119.4879163,8
Cuyama_2,34.855134,-119.4881194,9
Cuyama_2,34.85512215,-119.488195,10
Cuyama_2,34.85507462,-119.4881266,11
Cuyama_2,34.85513513,-119.4880511,12
Cuyama_2,34.85509837,-119.4880228,13
Cuyama_2,34.85520098,-119.4877046,14
Cuyama_2,34.85516856,-119.4876263,15
Cuyama_2,34.85513082,-119.4876693,16
Cuyama_2,34.85512139,-119.4877167,17
Cuyama_2,34.85518289,-119.4878497,18
Cuyama_2,34.85515629,-119.4878763,19
Cuyama_2,34.85512202,-119.4879138,20
Cuyama_2,34.85490198,-119.4885637,21
Cuyama_2,34.85520444,-119.4874704,22
Cuyama_2,34.8552294,-119.4871826,23
Cuyama_2,34.85519521,-119.4856373,24
Cuyama_2,34.85513244,-119.4871483,25
Cuyama_2,34.85512198,-119.4873746,26
Cuyama_2,34.8551063,-119.4872886,27
Cuyama_2,34.85502223,-119.4873329,28
Cuyama_2,34.8549998,-119.4872756,29
Cuyama_2,34.85504351,-119.4870322,30
Cuyama_2,34.85501514,-119.4869602,31
Cuyama_2,34.85496554,-119.4871258,32
Cuyama_2,34.85496672,-119.4873401,33
Cuyama_2,34.85495609,-119.4874351,34
Cuyama_2,34.85512713,-119.486789,35
Cuyama_2,34.85493131,-119.4871759,36
Cuyama_2,34.85491012,-119.4872605,37
Cuyama_2,34.85487583,-119.4873831,38
Cuyama_2,34.85483,-119.4873393,39
Cuyama_2,34.85486548,-119.4872025,40
Cuyama_2,34.85479619,-119.4872624,41
Cuyama_2,34.85483049,-119.4870614,42
Cuyama_2,34.85494193,-119.4869069,43
Cuyama_2,34.854906,-119.4870058,44
Cuyama_2,34.85498884,-119.4867229,45
Cuyama_2,34.85492834,-119.4867824,46
Cuyama_2,34.85486911,-119.4868302,47
Cuyama_2,34.85479449,-119.4869167,48
Cuyama_2,34.85481776,-119.4866231,49
Cuyama_2,34.85469768,-119.487042,50
Cuyama_2,34.85473136,-119.4872588,51
Cuyama_2,34.85473538,-119.4871888,52
Cuyama_2,34.85494863,-119.486392,53
Cuyama_2,34.85479124,-119.4867562,54
Cuyama_2,34.85480386,-119.4864935,55
Cuyama_2,34.85470591,-119.4866235,56
Cuyama_2,34.8546565,-119.4867275,57
Cuyama_2,34.85489222,-119.4861172,58
Cuyama_2,34.85481154,-119.4861609,59
Cuyama_2,34.85472318,-119.4863622,60
Cuyama_2,34.8547254,-119.4860027,61
Cuyama_2,34.85461093,-119.4864981,62
Cuyama_2,34.8546555,-119.4861174,63
Cuyama_2,34.85459444,-119.486134,64
Cuyama_2,34.85509934,-119.4856406,65
Cuyama_2,34.85474101,-119.4855966,66
Cuyama_2,34.8545959,-119.4859584,67
Cuyama_2,34.85464048,-119.4857573,68
Cuyama_2,34.85515079,-119.4884091,69
Cuyama_2,34.8550236,-119.4884112,70
Cuyama_2,34.85503319,-119.4885927,71
Cuyama_2,34.85510089,-119.4885659,72
Cuyama_2,34.85503973,-119.4882669,73
Cuyama_2,34.85503601,-119.4882217,74
Cuyama_2,34.85498262,-119.4881831,75
Cuyama_2,34.85500247,-119.4879964,76
Cuyama_2,34.85499877,-119.4877904,77
Cuyama_2,34.85472151,-119.4885309,78
Cuyama_2,34.85487905,-119.4884563,79
Cuyama_2,34.85486734,-119.4884069,80
Cuyama_2,34.85485743,-119.488317,81
Cuyama_2,34.85472781,-119.4884585,82
Cuyama_2,34.85474581,-119.4883499,83
Cuyama_2,34.85477372,-119.4882446,84
Cuyama_2,34.85484214,-119.4881447,85
Cuyama_2,34.85481243,-119.4881041,86
Cuyama_2,34.85495106,-119.487967,87
Cuyama_2,34.85495285,-119.4876747,88
Cuyama_2,34.85491235,-119.4878968,89
Cuyama_2,34.85486014,-119.4878365,90
Cuyama_2,34.85480614,-119.4877828,91
Cuyama_2,34.85472781,-119.4878771,92
Cuyama_2,34.85463509,-119.4884651,93
Cuyama_2,34.85465489,-119.4883301,94
Cuyama_2,34.8546261,-119.4881678,95
Cuyama_2,34.85480554,-119.4875801,96
Cuyama_2,34.85477746,-119.4875238,97
Cuyama_2,34.85470287,-119.4876848,98
Cuyama_2,34.85462013,-119.4879973,99
Cuyama_2,34.85459366,-119.4880962,100
Cuyama_2,34.85455414,-119.4881687,101
Cuyama_2,34.85443732,-119.4885271,102
Cuyama_2,34.85451266,-119.4883411,103
Cuyama_2,34.85446908,-119.488312,104
Cuyama_2,34.85441654,-119.4883506,105
Cuyama_2,34.85440167,-119.4884473,106
Cuyama_2,34.85434319,-119.4884038,107
Cuyama_2,34.85435929,-119.4882225,108
Cuyama_2,34.85429096,-119.4883528,109
Cuyama_2,34.85429741,-119.4882657,110
Cuyama_2,34.85447622,-119.4879439,111
Cuyama_2,34.85453655,-119.4878186,112
Cuyama_2,34.8544538,-119.4877461,113
Cuyama_2,34.85437756,-119.487878,114
Cuyama_2,34.85433895,-119.4880959,115
Cuyama_2,34.85425078,-119.4882161,116
Cuyama_2,34.8543509,-119.4879454,117
Cuyama_2,34.85429814,-119.4878533,118
Cuyama_2,34.85454149,-119.4876714,119
Cuyama_2,34.85461366,-119.4875156,120
Cuyama_2,34.85472384,-119.4868424,121
Cuyama_2,34.85464598,-119.4873902,122
Cuyama_2,34.85460947,-119.4872661,123
Cuyama_2,34.85465153,-119.4871564,124
Cuyama_2,34.85460505,-119.4871105,125
Cuyama_2,34.85455859,-119.4871211,126
Cuyama_2,34.85452811,-119.4872467,127
Cuyama_2,34.85456883,-119.4874043,128
Cuyama_2,34.85442138,-119.4875692,129
Cuyama_2,34.8543513,-119.4876411,130
Cuyama_2,34.85443921,-119.4873347,131
Cuyama_2,34.85460027,-119.4869424,132
Cuyama_2,34.85455808,-119.4868829,133
Cuyama_2,34.85451145,-119.4867476,134
Cuyama_2,34.85450368,-119.4868409,135
Cuyama_2,34.85447481,-119.487029,136
Cuyama_2,34.85446371,-119.4868788,137
Cuyama_2,34.8544543,-119.4869457,138
Cuyama_2,34.85441489,-119.4870821,139
Cuyama_2,34.85441208,-119.4872021,140
Cuyama_2,34.85433747,-119.4872819,141
Cuyama_2,34.85439237,-119.4869277,142
Cuyama_2,34.85435436,-119.4870074,143
Cuyama_2,34.85432551,-119.4871412,144
Cuyama_2,34.85427878,-119.4875113,145
Cuyama_2,34.85442533,-119.4867543,146
Cuyama_2,34.85441763,-119.4868507,147
Cuyama_2,34.85457149,-119.4866856,148
Cuyama_2,34.85454673,-119.4861666,149
Cuyama_2,34.85451826,-119.4862858,150
Cuyama_2,34.85449597,-119.4862134,151
Cuyama_2,34.85450711,-119.4860007,152
Cuyama_2,34.85439198,-119.4863763,153
Cuyama_2,34.85442416,-119.4866222,154
Cuyama_2,34.8543635,-119.4866886,155
Cuyama_2,34.85434617,-119.4864865,156
Cuyama_2,34.85427189,-119.4866207,157
Cuyama_2,34.85423225,-119.4864382,158
Cuyama_2,34.85419389,-119.4864865,159
Cuyama_2,34.85440329,-119.4861273,160
Cuyama_2,34.85431063,-119.4859812,161
Cuyama_2,34.85427135,-119.4857933,162
Cuyama_2,34.85420253,-119.4858116,163
Cuyama_2,34.85428715,-119.4861619,164
Cuyama_2,34.85418964,-119.4861875,165
Cuyama_2,34.85421237,-119.4863704,166
Cuyama_2,34.85413874,-119.4863593,167
Cuyama_2,34.85410777,-119.4857258,168
Cuyama_2,34.85394273,-119.4857727,169
Cuyama_2,34.8540547,-119.4861218,170
Cuyama_2,34.85402114,-119.4860732,171
Cuyama_2,34.85391868,-119.4860265,172
Cuyama_2,34.85378568,-119.4859426,173
Cuyama_2,34.85366486,-119.4860623,174
Cuyama_2,34.85380508,-119.4856793,175
Cuyama_2,34.85368849,-119.4857445,176
Cuyama_2,34.85361663,-119.4859919,177
Cuyama_2,34.85353817,-119.4860892,178
Cuyama_2,34.8543337,-119.4870424,179
Cuyama_2,34.8542916,-119.4868999,180
Cuyama_2,34.85417933,-119.4868828,181
Cuyama_2,34.85419571,-119.4870154,182
Cuyama_2,34.85420389,-119.4871921,183
Cuyama_2,34.85413138,-119.4867802,184
Cuyama_2,34.8541115,-119.4868273,185
Cuyama_2,34.85417232,-119.4866377,186
Cuyama_2,34.85410786,-119.4865513,187
Cuyama_2,34.85403779,-119.4864384,188
Cuyama_2,34.8539876,-119.4866437,189
Cuyama_2,34.85402847,-119.4865471,190
Cuyama_2,34.85395155,-119.4865363,191
Cuyama_2,34.85387019,-119.4864616,192
Cuyama_2,34.85410098,-119.4869555,193
Cuyama_2,34.85404017,-119.4868985,194
Cuyama_2,34.85397828,-119.4868572,195
Cuyama_2,34.85397594,-119.4867747,196
Cuyama_2,34.85408577,-119.4873004,197
Cuyama_2,34.85404485,-119.4870725,198
Cuyama_2,34.85402847,-119.487155,199
Cuyama_2,34.85394686,-119.4870107,200
Cuyama_2,34.85392822,-119.4871528,201
Cuyama_2,34.8538865,-119.4868517,202
Cuyama_2,34.85383191,-119.4869126,203
Cuyama_2,34.85382951,-119.4868488,204
Cuyama_2,34.8538295,-119.4868049,205
Cuyama_2,34.85383953,-119.4867224,206
Cuyama_2,34.85381856,-119.4866981,207
Cuyama_2,34.85381855,-119.4866338,208
Cuyama_2,34.85382554,-119.4869869,209
Cuyama_2,34.85379232,-119.4865711,210
Cuyama_2,34.85379507,-119.4863401,211
Cuyama_2,34.85376349,-119.4866732,212
Cuyama_2,34.85372705,-119.4866022,213
Cuyama_2,34.85370518,-119.4865385,214
Cuyama_2,34.85367724,-119.4862261,215
Cuyama_2,34.85365537,-119.4863638,216
Cuyama_2,34.85365416,-119.4864734,217
Cuyama_2,34.85357397,-119.4865222,218
Cuyama_2,34.85351323,-119.4864734,219
Cuyama_2,34.85425124,-119.4881174,220
Cuyama_2,34.85425543,-119.4878328,221
Cuyama_2,34.85416335,-119.4881891,222
Cuyama_2,34.85413447,-119.4882662,223
Cuyama_2,34.85416748,-119.4881299,224
Cuyama_2,34.85417575,-119.4880002,225
Cuyama_2,34.85418815,-119.487858,226
Cuyama_2,34.85423068,-119.487664,227
Cuyama_2,34.85417058,-119.4877774,228
Cuyama_2,34.85401663,-119.4882533,229
Cuyama_2,34.85409826,-119.4880997,230
Cuyama_2,34.85408586,-119.4880242,231
Cuyama_2,34.8540559,-119.4879385,232
Cuyama_2,34.8540249,-119.4880984,233
Cuyama_2,34.85394844,-119.4882369,234
Cuyama_2,34.85408896,-119.487829,235
Cuyama_2,34.85386266,-119.4882874,236
Cuyama_2,34.85388128,-119.4881929,237
Cuyama_2,34.85379553,-119.488203,238
Cuyama_2,34.85410033,-119.4877106,239
Cuyama_2,34.85407346,-119.4875948,240
Cuyama_2,34.85409413,-119.4874853,241
Cuyama_2,34.85403007,-119.4875344,242
Cuyama_2,34.85394018,-119.4875759,243
Cuyama_2,34.85403833,-119.4873795,244
Cuyama_2,34.85388025,-119.4875105,245
Cuyama_2,34.85391331,-119.4878353,246
Cuyama_2,34.85384822,-119.4879599,247
Cuyama_2,34.85384615,-119.4880607,248
Cuyama_2,34.85380792,-119.4880896,249
Cuyama_2,34.85378829,-119.488033,250
Cuyama_2,34.85380586,-119.4879751,251
Cuyama_2,34.85373887,-119.4880567,252
Cuyama_2,34.8537325,-119.4879499,253
Cuyama_2,34.85391331,-119.4876099,254
Cuyama_2,34.85392158,-119.4877283,255
Cuyama_2,34.85376556,-119.4877333,256
Cuyama_2,34.85393714,-119.4873735,257
Cuyama_2,34.85398773,-119.48723,258
Cuyama_2,34.85386911,-119.4873599,259
Cuyama_2,34.85374964,-119.4874444,260
Cuyama_2,34.8543933,-119.4885774,261
Cuyama_2,34.85410938,-119.4885279,262
Cuyama_2,34.85407216,-119.4885137,263
Cuyama_2,34.85396747,-119.4885203,264
Cuyama_2,34.85389512,-119.4884886,265
Cuyama_2,34.85384355,-119.4884517,266
Cuyama_2,34.85378889,-119.4884458,267
Cuyama_2,34.85368291,-119.4883915,268
Cuyama_2,34.85352194,-119.4884109,269
Cuyama_2,34.85350162,-119.4883526,270
Cuyama_2,34.85361568,-119.4882698,271
Cuyama_2,34.85342533,-119.4883994,272
Cuyama_2,34.85336838,-119.4882951,273
Cuyama_2,34.85335565,-119.4883642,274
Cuyama_2,34.85366139,-119.487816,275
Cuyama_2,34.85365282,-119.4880245,276
Cuyama_2,34.85363551,-119.4881077,277
Cuyama_2,34.85359253,-119.4880159,278
Cuyama_2,34.85349778,-119.4881112,279
Cuyama_2,34.8535244,-119.4879112,280
Cuyama_2,34.85346202,-119.4879115,281
Cuyama_2,34.85336244,-119.4880186,282
Cuyama_2,34.8537228,-119.4876306,283
Cuyama_2,34.85373022,-119.4877675,284
Cuyama_2,34.85368462,-119.4876934,285
Cuyama_2,34.85360746,-119.4878399,286
Cuyama_2,34.85367316,-119.4877661,287
Cuyama_2,34.85363072,-119.4876595,288
Cuyama_2,34.85352017,-119.4877326,289
Cuyama_2,34.85365906,-119.4875361,290
Cuyama_2,34.85362742,-119.4875303,291
Cuyama_2,34.85380862,-119.4872383,292
Cuyama_2,34.85373835,-119.4868653,293
Cuyama_2,34.85375172,-119.4870015,294
Cuyama_2,34.85375295,-119.4870984,295
Cuyama_2,34.85370488,-119.4871447,296
Cuyama_2,34.85363897,-119.4873309,297
Cuyama_2,34.85361923,-119.4870386,298
Cuyama_2,34.85368812,-119.4867785,299
Cuyama_2,34.85368867,-119.4868459,300
Cuyama_2,34.85368317,-119.4869379,301
Cuyama_2,34.85358394,-119.4868718,302
Cuyama_2,34.85355816,-119.4875452,303
Cuyama_2,34.85355204,-119.4873305,304
Cuyama_2,34.85361674,-119.4872513,305
Cuyama_2,34.85351363,-119.4868136,306
Cuyama_2,34.85347975,-119.4869292,307
Cuyama_2,34.85358043,-119.486642,308
Cuyama_2,34.85354466,-119.486611,309
Cuyama_2,34.85339877,-119.4864585,310
Cuyama_2,34.85332894,-119.4864296,311
Cuyama_2,34.85346663,-119.4867872,312
Cuyama_2,34.85343254,-119.4866725,313
Cuyama_2,34.85335242,-119.4865053,314
Cuyama_2,34.8533535,-119.4860794,315
Cuyama_2,34.85327605,-119.4861394,316
Cuyama_2,34.85324929,-119.4861668,317
Cuyama_2,34.85324028,-119.4862158,318
Cuyama_2,34.85316041,-119.4861637,319
Cuyama_2,34.85316914,-119.4862397,320
Cuyama_2,34.8531852,-119.4863737,321
Cuyama_2,34.85322576,-119.4865377,322
Cuyama_2,34.85326996,-119.4866539,323
Cuyama_2,34.85341991,-119.4869817,324
Cuyama_2,34.85344498,-119.4871201,325
Cuyama_2,34.85341943,-119.4871894,326
Cuyama_2,34.85337199,-119.4870633,327
Cuyama_2,34.85338306,-119.4867742,328
Cuyama_2,34.85330356,-119.4869468,329
Cuyama_2,34.85327988,-119.4868794,330
Cuyama_2,34.85323391,-119.486697,331
Cuyama_2,34.85324756,-119.4871719,332
Cuyama_2,34.85311857,-119.4871863,333
Cuyama_2,34.85318964,-119.4869057,334
Cuyama_2,34.85313272,-119.4867119,335
Cuyama_2,34.85310671,-119.4867961,336
Cuyama_2,34.85306729,-119.4866267,337
Cuyama_2,34.8535297,-119.4874719,338
Cuyama_2,34.85345225,-119.4874916,339
Cuyama_2,34.85345237,-119.4874388,340
Cuyama_2,34.85341676,-119.4876301,341
Cuyama_2,34.85333659,-119.4878155,342
Cuyama_2,34.85333435,-119.4877712,343
Cuyama_2,34.85330704,-119.4878802,344
Cuyama_2,34.85339474,-119.4875175,345
Cuyama_2,34.85341247,-119.4873626,346
Cuyama_2,34.85336686,-119.4873045,347
Cuyama_2,34.85332824,-119.4873925,348
Cuyama_2,34.85326944,-119.4875349,349
Cuyama_2,34.85321075,-119.4876848,350
Cuyama_2,34.85321773,-119.4873499,351
Cuyama_2,34.85319014,-119.4875124,352
Cuyama_2,34.85318114,-119.487919,353
Cuyama_2,34.85310787,-119.4876754,354
Cuyama_2,34.85308286,-119.4878785,355
Cuyama_2,34.85298904,-119.4878527,356
Cuyama_2,34.85304251,-119.4873377,357
Cuyama_2,34.85300266,-119.4874673,358
Cuyama_2,34.85345838,-119.4857621,359
Cuyama_2,34.85346397,-119.4859099,360
Cuyama_2,34.85338874,-119.4858922,361
Cuyama_2,34.85336319,-119.4857589,362
Cuyama_2,34.85328669,-119.4858487,363
Cuyama_2,34.85323631,-119.4859677,364
Cuyama_2,34.85324962,-119.4858008,365
Cuyama_2,34.85320868,-119.4858164,366
Cuyama_2,34.85317437,-119.4859807,367
Cuyama_2,34.85318458,-119.4859137,368
Cuyama_2,34.85315157,-119.4859257,369
Cuyama_2,34.85311289,-119.4857733,370
Cuyama_2,34.85310414,-119.4861768,371
Cuyama_2,34.85309967,-119.4861165,372
Cuyama_2,34.85310555,-119.4860646,373
Cuyama_2,34.85308385,-119.4859874,374
Cuyama_2,34.85292312,-119.4858097,375
Cuyama_2,34.85282625,-119.4857913,376
Cuyama_2,34.85281076,-119.4858335,377
Cuyama_2,34.85275687,-119.4858614,378
Cuyama_2,34.85332724,-119.4882604,379
Cuyama_2,34.85318201,-119.4883739,380
Cuyama_2,34.85320795,-119.4882369,381
Cuyama_2,34.85315579,-119.4882216,382
Cuyama_2,34.85311297,-119.488264,383
Cuyama_2,34.85308899,-119.4882214,384
Cuyama_2,34.85311874,-119.4880406,385
Cuyama_2,34.85300118,-119.4880955,386
Cuyama_2,34.85294476,-119.4882595,387
Cuyama_2,34.85303801,-119.4883236,388
Cuyama_2,34.85291458,-119.4880334,389
Cuyama_2,34.85286506,-119.4881469,390
Cuyama_2,34.85295785,-119.4877733,391
Cuyama_2,34.85295135,-119.4876985,392
Cuyama_2,34.85297028,-119.4875863,393
Cuyama_2,34.85282159,-119.4881678,394
Cuyama_2,34.85293582,-119.4876101,395
Cuyama_2,34.85294999,-119.4873974,396
Cuyama_2,34.85290789,-119.4875163,397
Cuyama_2,34.85288691,-119.4874187,398
Cuyama_2,34.85301631,-119.4872083,399
Cuyama_2,34.85294983,-119.4872224,400
Cuyama_2,34.85286393,-119.4872101,401
Cuyama_2,34.85281207,-119.4875823,402
Cuyama_2,34.85285339,-119.4872916,403
Cuyama_2,34.85273539,-119.4879876,404
Cuyama_2,34.85278426,-119.4878684,405
Cuyama_2,34.8527955,-119.4873946,406
Cuyama_2,34.85272099,-119.4881082,407
Cuyama_2,34.85267028,-119.488099,408
Cuyama_2,34.85351445,-119.4884979,409
Cuyama_2,34.85371369,-119.4885362,410
Cuyama_2,34.85336171,-119.488468,411
Cuyama_2,34.85326169,-119.488529,412
Cuyama_2,34.85311234,-119.4884959,413
Cuyama_2,34.85300111,-119.4884672,414
Cuyama_2,34.85291646,-119.4884427,415
Cuyama_2,34.85297795,-119.4883718,416
Cuyama_2,34.85286596,-119.4885346,417
Cuyama_2,34.85281513,-119.4883584,418
Cuyama_2,34.85277804,-119.4884074,419
Cuyama_2,34.85266374,-119.4885245,420
Cuyama_2,34.85268089,-119.4882347,421
Cuyama_2,34.85262807,-119.48829,422
Cuyama_2,34.85261546,-119.4882424,423
Cuyama_2,34.85260699,-119.48811,424
Cuyama_2,34.85249063,-119.4885641,425
Cuyama_2,34.85248754,-119.4884636,426
Cuyama_2,34.85311574,-119.4869667,427
Cuyama_2,34.85301105,-119.4871511,428
Cuyama_2,34.8530215,-119.4869725,429
Cuyama_2,34.85302576,-119.4867866,430
Cuyama_2,34.85302853,-119.4865086,431
Cuyama_2,34.85298293,-119.4870624,432
Cuyama_2,34.85292375,-119.4869694,433
Cuyama_2,34.85292109,-119.486861,434
Cuyama_2,34.85291831,-119.4867062,435
Cuyama_2,34.85298759,-119.4865103,436
Cuyama_2,34.85293814,-119.4864929,437
Cuyama_2,34.85285914,-119.4866581,438
Cuyama_2,34.85299044,-119.4862673,439
Cuyama_2,34.85287463,-119.4864378,440
Cuyama_2,34.85282769,-119.4870553,441
Cuyama_2,34.85287018,-119.4869711,442
Cuyama_2,34.85284632,-119.4869212,443
Cuyama_2,34.85284504,-119.4863311,444
Cuyama_2,34.85275596,-119.4870363,445
Cuyama_2,34.85276452,-119.4868317,446
Cuyama_2,34.85274759,-119.4864067,447
Cuyama_2,34.85273776,-119.4866012,448
Cuyama_2,34.85292696,-119.4861227,449
Cuyama_2,34.85282398,-119.4861592,450
Cuyama_2,34.85280004,-119.4861008,451
Cuyama_2,34.85269032,-119.4862435,452
Cuyama_2,34.85262999,-119.4861612,453
Cuyama_2,34.85264641,-119.4863653,454
Cuyama_2,34.85263402,-119.4863104,455
Cuyama_2,34.85251677,-119.4860349,456
Cuyama_2,34.85253508,-119.4858929,457
Cuyama_2,34.85250983,-119.4858381,458
Cuyama_2,34.85274487,-119.4857903,459
Cuyama_2,34.8527115,-119.4872156,460
Cuyama_2,34.85265854,-119.4869015,461
Cuyama_2,34.85265664,-119.4867791,462
Cuyama_2,34.85259353,-119.4869334,463
Cuyama_2,34.85258021,-119.4867997,464
Cuyama_2,34.85264152,-119.4866221,465
Cuyama_2,34.85253868,-119.4865441,466
Cuyama_2,34.85247809,-119.4866409,467
Cuyama_2,34.85251965,-119.486772,468
Cuyama_2,34.85250068,-119.4868296,469
Cuyama_2,34.85245415,-119.4864802,470
Cuyama_2,34.85248866,-119.4862998,471
Cuyama_2,34.85238014,-119.4865703,472
Cuyama_2,34.85236687,-119.4866957,473
Cuyama_2,34.85258151,-119.4872194,474
Cuyama_2,34.85247922,-119.4872153,475
Cuyama_2,34.85248586,-119.4870813,476
Cuyama_2,34.85239714,-119.4871827,477
Cuyama_2,34.85244877,-119.4869859,478
Cuyama_2,34.85245797,-119.4869519,479
Cuyama_2,34.85242226,-119.4868486,480
Cuyama_2,34.85237871,-119.4868857,481
Cuyama_2,34.85231006,-119.4868468,482
Cuyama_2,34.85234824,-119.4870745,483
Cuyama_2,34.85224279,-119.486805,484
Cuyama_2,34.85230097,-119.4865059,485
Cuyama_2,34.85226664,-119.4865815,486
Cuyama_2,34.85239213,-119.4863595,487
Cuyama_2,34.85250314,-119.4862356,488
Cuyama_2,34.8524156,-119.4857905,489
Cuyama_2,34.85245625,-119.4862405,490
Cuyama_2,34.85243059,-119.4860856,491
Cuyama_2,34.85239126,-119.4860505,492
Cuyama_2,34.85239119,-119.4861907,493
Cuyama_2,34.85233082,-119.4858663,494
Cuyama_2,34.85225688,-119.4858064,495
Cuyama_2,34.85220653,-119.4865186,496
Cuyama_2,34.8522656,-119.4863344,497
Cuyama_2,34.8522703,-119.4861245,498
Cuyama_2,34.85227941,-119.4859736,499
Cuyama_2,34.85221912,-119.4859739,500
Cuyama_2,34.85214628,-119.4864097,501
Cuyama_2,34.8521647,-119.486189,502
Cuyama_2,34.8521859,-119.4860272,503
Cuyama_2,34.85215729,-119.4858985,504
Cuyama_2,34.85211055,-119.4858194,505
Cuyama_2,34.85209242,-119.4858764,506
Cuyama_2,34.85210747,-119.4859683,507
Cuyama_2,34.85201868,-119.4857809,508
Cuyama_2,34.85202164,-119.4858544,509
Cuyama_2,34.85195104,-119.4857665,510
Cuyama_2,34.85209535,-119.4860749,511
Cuyama_2,34.85202425,-119.4866962,512
Cuyama_2,34.85200748,-119.4868783,513
Cuyama_2,34.85214612,-119.4869065,514
Cuyama_2,34.85217008,-119.4870231,515
Cuyama_2,34.85213994,-119.4871146,516
Cuyama_2,34.85198192,-119.4870379,517
Cuyama_2,34.85195478,-119.4869222,518
Cuyama_2,34.85190805,-119.4871222,519
Cuyama_2,34.85207844,-119.4863519,520
Cuyama_2,34.85207844,-119.4865204,521
Cuyama_2,34.85206854,-119.4864144,522
Cuyama_2,34.85200724,-119.4865081,523
Cuyama_2,34.85200865,-119.4863066,524
Cuyama_2,34.85202863,-119.4862215,525
Cuyama_2,34.85197593,-119.4864317,526
Cuyama_2,34.85190207,-119.4864541,527
Cuyama_2,34.85196035,-119.4863066,528
Cuyama_2,34.85196323,-119.4862511,529
Cuyama_2,34.85189367,-119.4862476,530
Cuyama_2,34.85193772,-119.4860774,531
Cuyama_2,34.85191897,-119.4867562,532
Cuyama_2,34.85193036,-119.486692,533
Cuyama_2,34.85183404,-119.4866516,534
Cuyama_2,34.85182278,-119.4863725,535
Cuyama_2,34.85188945,-119.486166,536
Cuyama_2,34.85362214,-119.48561,537
Cuyama_2,34.85360076,-119.4853975,538
Cuyama_2,34.85350326,-119.4856652,539
Cuyama_2,34.85341899,-119.4856315,540
Cuyama_2,34.85337632,-119.4853871,541
Cuyama_2,34.85332276,-119.4854243,542
Cuyama_2,34.85324319,-119.4854541,543
Cuyama_2,34.85321564,-119.4854895,544
Cuyama_2,34.85298223,-119.4854839,545
Cuyama_2,34.85293212,-119.4856011,546
Cuyama_2,34.85287174,-119.4854595,547
Cuyama_2,34.85276743,-119.4856998,548
Cuyama_2,34.85285792,-119.4853365,549
Cuyama_2,34.85270716,-119.4855076,550
Cuyama_2,34.85290951,-119.4851653,551
Cuyama_2,34.85280894,-119.4850541,552
Cuyama_2,34.85262381,-119.485605,553
Cuyama_2,34.85264326,-119.4854338,554
Cuyama_2,34.85258723,-119.4856633,555
Cuyama_2,34.85257013,-119.4856063,556
Cuyama_2,34.85262612,-119.4854755,557
Cuyama_2,34.85258619,-119.4854004,558
Cuyama_2,34.85253936,-119.4854643,559
Cuyama_2,34.85254739,-119.4853656,560
Cuyama_2,34.85272448,-119.484997,561
Cuyama_2,34.85262862,-119.4849191,562
Cuyama_2,34.85255093,-119.4850679,563
Cuyama_2,34.85250411,-119.4851082,564
Cuyama_2,34.85246875,-119.4850177,565
Cuyama_2,34.85237856,-119.4852863,566
Cuyama_2,34.85233293,-119.4854684,567
Cuyama_2,34.85235252,-119.4850974,568
Cuyama_2,34.85225719,-119.4856416,569
Cuyama_2,34.8522301,-119.4855694,570
Cuyama_2,34.85215545,-119.4857357,571
Cuyama_2,34.85210548,-119.4856954,572
Cuyama_2,34.85217952,-119.4853354,573
Cuyama_2,34.85218529,-119.4850641,574
Cuyama_2,34.85213767,-119.4850823,575
Cuyama_2,34.85214539,-119.4854323,576
Cuyama_2,34.85212055,-119.4853022,577
Cuyama_2,34.85207506,-119.4854474,578
Cuyama_2,34.85200369,-119.4852496,579
Cuyama_2,34.85198004,-119.4853934,580
Cuyama_2,34.85195019,-119.4856271,581
Cuyama_2,34.8519187,-119.4855371,582
Cuyama_2,34.85183248,-119.4858106,583
Cuyama_2,34.85189815,-119.4853422,584
Cuyama_2,34.85189043,-119.485392,585
Cuyama_2,34.85185637,-119.4852081,586
Cuyama_2,34.85126573,-119.4867973,587
Cuyama_2,34.85128528,-119.4866858,588
Cuyama_2,34.85181938,-119.4869583,589
Cuyama_2,34.85177845,-119.4868612,590
Cuyama_2,34.85173569,-119.4869646,591
Cuyama_2,34.8518146,-119.4870747,592
Cuyama_2,34.85159311,-119.4870042,593
Cuyama_2,34.8517206,-119.4868793,594
Cuyama_2,34.85164113,-119.4868802,595
Cuyama_2,34.85174636,-119.4866202,596
Cuyama_2,34.85159486,-119.4868539,597
Cuyama_2,34.85167142,-119.4867476,598
Cuyama_2,34.85163033,-119.4865901,599
Cuyama_2,34.85150896,-119.4870879,600
Cuyama_2,34.85148527,-119.4867831,601
Cuyama_2,34.85143139,-119.4869602,602
Cuyama_2,34.85142457,-119.4868385,603
Cuyama_2,34.85143221,-119.4867896,604
Cuyama_2,34.85149753,-119.4866452,605
Cuyama_2,34.85140759,-119.4866999,606
Cuyama_2,34.85175612,-119.4864272,607
Cuyama_2,34.85175874,-119.4863517,608
Cuyama_2,34.85173235,-119.486231,609
Cuyama_2,34.85167873,-119.4861768,610
Cuyama_2,34.85162189,-119.4862487,611
Cuyama_2,34.85160287,-119.4864178,612
Cuyama_2,34.85155435,-119.4864966,613
Cuyama_2,34.85150452,-119.4865857,614
Cuyama_2,34.8513801,-119.4868435,615
Cuyama_2,34.85136638,-119.4867618,616
Cuyama_2,34.85149346,-119.4863222,617
Cuyama_2,34.85148068,-119.4863973,618
Cuyama_2,34.85145019,-119.4864513,619
Cuyama_2,34.85131695,-119.4865559,620
Cuyama_2,34.85136724,-119.4864039,621
Cuyama_2,34.85182033,-119.4860548,622
Cuyama_2,34.85164886,-119.4860613,623
Cuyama_2,34.85151458,-119.4861264,624
Cuyama_2,34.85148409,-119.4861016,625
Cuyama_2,34.85178117,-119.4857825,626
Cuyama_2,34.85170576,-119.4859213,627
Cuyama_2,34.85176452,-119.4857119,628
Cuyama_2,34.85165564,-119.4859146,629
Cuyama_2,34.85158253,-119.4858887,630
Cuyama_2,34.85152973,-119.4860015,631
Cuyama_2,34.8515654,-119.4858295,632
Cuyama_2,34.85152006,-119.4858961,633
Cuyama_2,34.85144651,-119.4860587,634
Cuyama_2,34.85134362,-119.486174,635
Cuyama_2,34.85177708,-119.4852664,636
Cuyama_2,34.85173535,-119.4853086,637
Cuyama_2,34.85172478,-119.4856525,638
Cuyama_2,34.85170439,-119.4857207,639
Cuyama_2,34.85149986,-119.485819,640
Cuyama_2,34.85143374,-119.4858791,641
Cuyama_2,34.85138961,-119.4859502,642
Cuyama_2,34.85153486,-119.4856909,643
Cuyama_2,34.85153986,-119.4855253,644
Cuyama_2,34.85142219,-119.4858155,645
Cuyama_2,34.85143216,-119.4857421,646
Cuyama_2,34.85143722,-119.4856331,647
Cuyama_2,34.85169975,-119.4853902,648
Cuyama_2,34.85164732,-119.4853484,649
Cuyama_2,34.85157135,-119.485074,650
Cuyama_2,34.85154323,-119.4851396,651
Cuyama_2,34.85144471,-119.4853292,652
Cuyama_2,34.85144808,-119.4854565,653
Cuyama_2,34.85139526,-119.485391,654
Cuyama_2,34.85139569,-119.4852856,655
Cuyama_2,34.85131777,-119.4857337,656
Cuyama_2,34.8513278,-119.4856263,657
Cuyama_2,34.85128301,-119.4856041,658
Cuyama_2,34.85123598,-119.4857179,659
Cuyama_2,34.85126121,-119.4859617,660
Cuyama_2,34.85124181,-119.486416,661
Cuyama_2,34.85124524,-119.4862735,662
Cuyama_2,34.85119502,-119.4861619,663
Cuyama_2,34.85117662,-119.4862892,664
Cuyama_2,34.85272299,-119.4877295,665
Cuyama_2,34.85267516,-119.4879818,666
Cuyama_2,34.85255607,-119.488059,667
Cuyama_2,34.85248289,-119.4880447,668
Cuyama_2,34.85258924,-119.487911,669
Cuyama_2,34.85265976,-119.4876484,670
Cuyama_2,34.85263782,-119.4874866,671
Cuyama_2,34.8526077,-119.4876495,672
Cuyama_2,34.85255653,-119.4878397,673
Cuyama_2,34.85241273,-119.4879453,674
Cuyama_2,34.85246303,-119.4878161,675
Cuyama_2,34.85258238,-119.4875614,676
Cuyama_2,34.85250457,-119.4874863,677
Cuyama_2,34.85242275,-119.4878076,678
Cuyama_2,34.85240575,-119.4877235,679
Cuyama_2,34.85238566,-119.4877706,680
Cuyama_2,34.85233528,-119.4878179,681
Cuyama_2,34.85236746,-119.4876921,682
Cuyama_2,34.85246625,-119.4874005,683
Cuyama_2,34.85241783,-119.4874305,684
Cuyama_2,34.85236764,-119.4874764,685
Cuyama_2,34.85225613,-119.4877342,686
Cuyama_2,34.85229561,-119.4881959,687
Cuyama_2,34.85221658,-119.4878099,688
Cuyama_2,34.85222328,-119.4876617,689
Cuyama_2,34.85230943,-119.487351,690
Cuyama_2,34.85225926,-119.4870676,691
Cuyama_2,34.85221395,-119.4871552,692
Cuyama_2,34.85222817,-119.4872261,693
Cuyama_2,34.85221007,-119.4873552,694
Cuyama_2,34.85217772,-119.4872824,695
Cuyama_2,34.85220985,-119.4875054,696
Cuyama_2,34.85217416,-119.4874835,697
Cuyama_2,34.85212171,-119.487742,698
Cuyama_2,34.85207508,-119.4877308,699
Cuyama_2,34.85201504,-119.4877136,700
Cuyama_2,34.85207482,-119.4875399,701
Cuyama_2,34.85204086,-119.4876063,702
Cuyama_2,34.85194868,-119.4876377,703
Cuyama_2,34.85208268,-119.4872215,704
Cuyama_2,34.85205526,-119.4873991,705
Cuyama_2,34.85202027,-119.4873718,706
Cuyama_2,34.85192687,-119.4874352,707
Cuyama_2,34.85196753,-119.4872322,708
Cuyama_2,34.85186075,-119.4874955,709
Cuyama_2,34.85189335,-119.4872637,710
Cuyama_2,34.85182399,-119.4873405,711
Cuyama_2,34.85179681,-119.48749,712
Cuyama_2,34.85167644,-119.4875759,713
Cuyama_2,34.85174202,-119.4872177,714
Cuyama_2,34.85170046,-119.4872246,715
Cuyama_2,34.85166927,-119.4871772,716
Cuyama_2,34.85162549,-119.4872328,717
Cuyama_2,34.85169262,-119.4874384,718
Cuyama_2,34.85160667,-119.4873427,719
Cuyama_2,34.85152714,-119.48728,720
Cuyama_2,34.85151738,-119.4873212,721
Cuyama_2,34.85145717,-119.487371,722
Cuyama_2,34.85142627,-119.4872602,723
Cuyama_2,34.85141678,-119.4872978,724
Cuyama_2,34.8513801,-119.4868435,725
Cuyama_2,34.8513613,-119.4870911,726
Cuyama_2,34.85135993,-119.4872018,727
Cuyama_2,34.8513303,-119.4871672,728
Cuyama_2,34.85140159,-119.487389,729
Cuyama_2,34.85133471,-119.4873188,730
Cuyama_2,34.85131178,-119.4874547,731
Cuyama_2,34.8512833,-119.4873258,732
Cuyama_2,34.85123644,-119.4873852,733
Cuyama_2,34.85126681,-119.4870714,734
Cuyama_2,34.85125604,-119.4872006,735
Cuyama_2,34.85124732,-119.4871542,736
Cuyama_2,34.85125196,-119.4869716,737
Cuyama_2,34.8513517,-119.4877489,738
Cuyama_2,34.85139835,-119.4876628,739
Cuyama_2,34.85133849,-119.4876632,740
Cuyama_2,34.85122545,-119.4876945,741
Cuyama_2,34.85249997,-119.4886779,742
Cuyama_2,34.8523814,-119.4886123,743
Cuyama_2,34.85239927,-119.4883064,744
Cuyama_2,34.85233695,-119.4883524,745
Cuyama_2,34.85233927,-119.4884785,746
Cuyama_2,34.85207172,-119.4884458,747
Cuyama_2,34.85206266,-119.4885122,748
Cuyama_2,34.8521457,-119.4885666,749
Cuyama_2,34.85209715,-119.4881271,750
Cuyama_2,34.85224666,-119.4883732,751
Cuyama_2,34.85202914,-119.4886382,752
Cuyama_2,34.85198492,-119.4884298,753
Cuyama_2,34.85217616,-119.4883839,754
Cuyama_2,34.85206471,-119.4878419,755
Cuyama_2,34.85212478,-119.4882742,756
Cuyama_2,34.85211391,-119.4882491,757
Cuyama_2,34.85185672,-119.4884728,758
Cuyama_2,34.85178682,-119.4885925,759
Cuyama_2,34.85181938,-119.4885306,760
Cuyama_2,34.85195039,-119.4885677,761
Cuyama_2,34.85190785,-119.4882842,762
Cuyama_2,34.85180443,-119.4881167,763
Cuyama_2,34.8517404,-119.4882497,764
Cuyama_2,34.85202561,-119.4881756,765
Cuyama_2,34.85167938,-119.4881973,766
Cuyama_2,34.85156202,-119.4883383,767
Cuyama_2,34.85154818,-119.488266,768
Cuyama_2,34.85196786,-119.4887111,769
Cuyama_2,34.8519266,-119.4886604,770
Cuyama_2,34.85171156,-119.4886581,771
Cuyama_2,34.85173732,-119.4885507,772
Cuyama_2,34.85171952,-119.4884494,773
Cuyama_2,34.85202514,-119.4880024,774
Cuyama_2,34.85191928,-119.4880281,775
Cuyama_2,34.85192008,-119.4879444,776
Cuyama_2,34.8518449,-119.4880213,777
Cuyama_2,34.85175222,-119.4880569,778
Cuyama_2,34.85182647,-119.4876994,779
Cuyama_2,34.851493,-119.4877961,780
Cuyama_2,34.85152128,-119.4878869,781
Cuyama_2,34.85145181,-119.487834,782
Cuyama_2,34.85137241,-119.4878398,783
Cuyama_2,34.85170564,-119.4878306,784
Cuyama_2,34.8516612,-119.4880535,785
Cuyama_2,34.85153481,-119.4874712,786
Cuyama_2,34.85146587,-119.4874972,787
Cuyama_2,34.85120672,-119.4880516,788
Cuyama_2,34.85157614,-119.4880567,789
Cuyama_2,34.85148204,-119.4879999,790
Cuyama_2,34.8513656,-119.4880456,791
Cuyama_2,34.8514747,-119.4875762,792
Cuyama_2,34.85180557,-119.4886486,793
Cuyama_2,34.85163833,-119.4886558,794
Cuyama_2,34.85169432,-119.4883412,795
Cuyama_2,34.85160628,-119.4885942,796
Cuyama_2,34.85156303,-119.488742,797
Cuyama_2,34.85154976,-119.4885735,798
Cuyama_2,34.85147952,-119.4881839,799
Cuyama_2,34.85142251,-119.4882089,800
Cuyama_2,34.85151039,-119.4885443,801
Cuyama_2,34.85148901,-119.488494,802
Cuyama_2,34.85143921,-119.4883858,803
Cuyama_2,34.8514546,-119.48854,804
Cuyama_2,34.85131125,-119.4880094,805
Cuyama_2,34.85150601,-119.4887236,806
Cuyama_2,34.85146075,-119.4886238,807
Cuyama_2,34.85162896,-119.4876266,808
Cuyama_2,34.85138096,-119.4884924,809
Cuyama_2,34.85141078,-119.4886294,810
Cuyama_2,34.85140453,-119.4883561,811
Cuyama_2,34.85132965,-119.4881512,812
Cuyama_2,34.851362,-119.4886365,813
Cuyama_2,34.85129866,-119.488664,814
Cuyama_2,34.85131576,-119.4885104,815
Cuyama_2,34.85135702,-119.4883922,816
Cuyama_2,34.85131265,-119.4883346,817
Cuyama_2,34.85127381,-119.4882881,818
Cuyama_2,34.85124623,-119.4884587,819
Cuyama_2,34.85125698,-119.4887311,820
Cuyama_2,34.85127892,-119.4881585,821
Cuyama_2,34.85131193,-119.4878632,822
Cuyama_2,34.85127206,-119.4878417,823
Cuyama_2,34.8512436,-119.4878747,824
Cuyama_2,34.85122578,-119.4881349,825
Cuyama_2,34.85121273,-119.4874681,826
Cuyama_2,34.8516331,-119.4876912,827
Cuyama_2,34.85182509,-119.4882715,828
Cuyama_2,34.85217352,-119.4878906,829
Cuyama_2,34.85237434,-119.4879342,830
Cuyama_2,34.85217824,-119.4880905,831
Cuyama_3,34.93892956,-119.481805,552
Cuyama_3,34.93892865,-119.4818666,553
Cuyama_3,34.93889876,-119.4819739,554
Cuyama_3,34.93883089,-119.4820056,555
Cuyama_3,34.93886255,-119.4818699,556
Cuyama_3,34.93881698,-119.4817598,557
Cuyama_3,34.93860259,-119.4819606,558
Cuyama_3,34.93851492,-119.4819337,559
Cuyama_3,34.93876542,-119.4817378,560
Cuyama_3,34.9387388,-119.481806,561
Cuyama_3,34.93875433,-119.4818882,562
Cuyama_3,34.93870268,-119.4818684,563
Cuyama_3,34.93867433,-119.4818668,564
Cuyama_3,34.93870098,-119.4817703,565
Cuyama_3,34.9387876,-119.4816266,566
Cuyama_3,34.93862908,-119.4817655,567
Cuyama_3,34.93863933,-119.4817248,568
Cuyama_3,34.93862396,-119.4816913,569
Cuyama_3,34.93848948,-119.4818086,570
Cuyama_3,34.93879338,-119.4814961,571
Cuyama_3,34.93876936,-119.4814327,572
Cuyama_3,34.93860777,-119.4816453,573
Cuyama_3,34.93853991,-119.4817211,574
Cuyama_3,34.93847947,-119.4817366,575
Cuyama_3,34.93878422,-119.4812528,576
Cuyama_3,34.93860525,-119.4816057,577
Cuyama_3,34.93860274,-119.4815608,578
Cuyama_3,34.93881102,-119.4811426,579
Cuyama_3,34.93868943,-119.4815584,580
Cuyama_3,34.93867993,-119.4814924,581
Cuyama_3,34.93862668,-119.4814975,582
Cuyama_3,34.93862322,-119.4814359,583
Cuyama_3,34.93856608,-119.4814557,584
Cuyama_3,34.93869794,-119.4812876,585
Cuyama_3,34.93867334,-119.4812854,586
Cuyama_3,34.93862651,-119.4812875,587
Cuyama_3,34.9385976,-119.4811061,588
Cuyama_3,34.93853323,-119.4812655,589
Cuyama_3,34.93848424,-119.481343,590
Cuyama_3,34.93844094,-119.481407,591
Cuyama_3,34.93841334,-119.4812875,592
Cuyama_3,34.93856208,-119.4812028,593
Cuyama_3,34.93839661,-119.4811877,594
Cuyama_3,34.93854271,-119.4811001,595
Cuyama_3,34.93856473,-119.4810493,596
Cuyama_3,34.93825823,-119.481003,597
Cuyama_3,34.93852724,-119.4811681,598
Cuyama_3,34.93848253,-119.4810905,599
Cuyama_3,34.93846223,-119.4811442,600
Cuyama_3,34.93853313,-119.4810072,601
Cuyama_3,34.93856592,-119.4809846,602
Cuyama_3,34.93852388,-119.4809169,603
Cuyama_3,34.93849531,-119.4809784,604
Cuyama_3,34.93847754,-119.4810257,605
Cuyama_3,34.93846843,-119.4809651,606
Cuyama_3,34.93846503,-119.4809169,607
Cuyama_3,34.93846421,-119.4808595,608
Cuyama_3,34.93843653,-119.4809026,609
Cuyama_3,34.93844578,-119.4808248,610
Cuyama_3,34.93845754,-119.4807735,611
Cuyama_3,34.93825604,-119.4808462,612
Cuyama_3,34.93844801,-119.4806942,613
Cuyama_3,34.93845164,-119.4806011,614
Cuyama_3,34.93843008,-119.4805585,615
Cuyama_3,34.93831649,-119.4804377,616
Cuyama_3,34.93827409,-119.4805355,617
Cuyama_3,34.93828935,-119.4804241,618
Cuyama_3,34.93823902,-119.4804348,619
Cuyama_3,34.93833658,-119.48025,620
Cuyama_3,34.93829421,-119.4802863,621
Cuyama_3,34.93824819,-119.4802974,622
Cuyama_3,34.93825507,-119.4802025,623
Cuyama_3,34.93840881,-119.4802054,624
Cuyama_3,34.93826244,-119.4797676,625
Cuyama_3,34.93819047,-119.4798663,626
Cuyama_3,34.93809565,-119.4799425,627
Cuyama_3,34.93814764,-119.4797088,628
Cuyama_3,34.93813583,-119.4797462,629
Cuyama_3,34.93817801,-119.4793756,630
Cuyama_3,34.93805958,-119.4795235,631
Cuyama_3,34.93892956,-119.481805,1
Cuyama_3,34.93892865,-119.4818666,2
Cuyama_3,34.93889876,-119.4819739,3
Cuyama_3,34.93883089,-119.4820056,4
Cuyama_3,34.93886255,-119.4818699,5
Cuyama_3,34.93881698,-119.4817598,6
Cuyama_3,34.93860259,-119.4819606,7
Cuyama_3,34.93851492,-119.4819337,8
Cuyama_3,34.93876542,-119.4817378,9
Cuyama_3,34.9387388,-119.481806,10
Cuyama_3,34.93875433,-119.4818882,11
Cuyama_3,34.93870268,-119.4818684,12
Cuyama_3,34.93867433,-119.4818668,13
Cuyama_3,34.93870098,-119.4817703,14
Cuyama_3,34.9387876,-119.4816266,15
Cuyama_3,34.93862908,-119.4817655,16
Cuyama_3,34.93863933,-119.4817248,17
Cuyama_3,34.93862396,-119.4816913,18
Cuyama_3,34.93848948,-119.4818086,19
Cuyama_3,34.93879338,-119.4814961,20
Cuyama_3,34.93876936,-119.4814327,21
Cuyama_3,34.93860777,-119.4816453,22
Cuyama_3,34.93853991,-119.4817211,23
Cuyama_3,34.93847947,-119.4817366,24
Cuyama_3,34.93878422,-119.4812528,25
Cuyama_3,34.93860525,-119.4816057,26
Cuyama_3,34.93860274,-119.4815608,27
Cuyama_3,34.93881102,-119.4811426,28
Cuyama_3,34.93868943,-119.4815584,29
Cuyama_3,34.93867993,-119.4814924,30
Cuyama_3,34.93862668,-119.4814975,31
Cuyama_3,34.93862322,-119.4814359,32
Cuyama_3,34.93856608,-119.4814557,33
Cuyama_3,34.93869794,-119.4812876,34
Cuyama_3,34.93867334,-119.4812854,35
Cuyama_3,34.93862651,-119.4812875,36
Cuyama_3,34.9385976,-119.4811061,37
Cuyama_3,34.93853323,-119.4812655,38
Cuyama_3,34.93848424,-119.481343,39
Cuyama_3,34.93844094,-119.481407,40
Cuyama_3,34.93841334,-119.4812875,41
Cuyama_3,34.93856208,-119.4812028,42
Cuyama_3,34.93839661,-119.4811877,43
Cuyama_3,34.93854271,-119.4811001,44
Cuyama_3,34.93856473,-119.4810493,45
Cuyama_3,34.93825823,-119.481003,46
Cuyama_3,34.93852724,-119.4811681,47
Cuyama_3,34.93848253,-119.4810905,48
Cuyama_3,34.93846223,-119.4811442,49
Cuyama_3,34.93853313,-119.4810072,50
Cuyama_3,34.93856592,-119.4809846,51
Cuyama_3,34.93852388,-119.4809169,52
Cuyama_3,34.93849531,-119.4809784,53
Cuyama_3,34.93847754,-119.4810257,54
Cuyama_3,34.93846843,-119.4809651,55
Cuyama_3,34.93846503,-119.4809169,56
Cuyama_3,34.93846421,-119.4808595,57
Cuyama_3,34.93843653,-119.4809026,58
Cuyama_3,34.93844578,-119.4808248,59
Cuyama_3,34.93845754,-119.4807735,60
Cuyama_3,34.93825604,-119.4808462,61
Cuyama_3,34.93844801,-119.4806942,62
Cuyama_3,34.93845164,-119.4806011,63
Cuyama_3,34.93843008,-119.4805585,64
Cuyama_3,34.93831649,-119.4804377,65
Cuyama_3,34.93827409,-119.4805355,66
Cuyama_3,34.93828935,-119.4804241,67
Cuyama_3,34.93823902,-119.4804348,68
Cuyama_3,34.93833658,-119.48025,69
Cuyama_3,34.93829421,-119.4802863,70
Cuyama_3,34.93824819,-119.4802974,71
Cuyama_3,34.93825507,-119.4802025,72
Cuyama_3,34.93840881,-119.4802054,73
Cuyama_3,34.93826244,-119.4797676,74
Cuyama_3,34.93819047,-119.4798663,75
Cuyama_3,34.93809565,-119.4799425,76
Cuyama_3,34.93814764,-119.4797088,77
Cuyama_3,34.93813583,-119.4797462,78
Cuyama_3,34.93817801,-119.4793756,79
Cuyama_3,34.93805958,-119.4795235,80
Cuyama_4,34.94723275,-119.4804624,522
Cuyama_4,34.94736484,-119.4802779,523
Cuyama_4,34.94732025,-119.4803143,524
Cuyama_4,34.94732844,-119.4801729,525
Cuyama_4,34.94729854,-119.4802263,526
Cuyama_4,34.94727688,-119.4801838,527
Cuyama_4,34.94725807,-119.4802132,528
Cuyama_4,34.94716671,-119.4801951,529
Cuyama_4,34.9471329,-119.4800786,530
Cuyama_4,34.94710104,-119.4802449,531
Cuyama_4,34.94706506,-119.4803097,532
Cuyama_4,34.94698934,-119.4803871,533
Cuyama_4,34.94710353,-119.4801286,534
Cuyama_4,34.94692159,-119.4801876,535
Cuyama_4,34.9468749,-119.4801467,536
Cuyama_4,34.94688679,-119.4802093,537
Cuyama_4,34.94739193,-119.4800656,538
Cuyama_4,34.94734883,-119.4799761,539
Cuyama_4,34.94707592,-119.4799016,540
Cuyama_4,34.94730127,-119.480063,541
Cuyama_4,34.94752494,-119.4800268,542
Cuyama_4,34.94768267,-119.480021,543
Cuyama_4,34.94756464,-119.4796873,544
Cuyama_4,34.94747153,-119.4795948,545
Cuyama_4,34.94719419,-119.4796704,546
Cuyama_4,34.9470807,-119.4796735,547
Cuyama_4,34.94704135,-119.4797486,548
Cuyama_4,34.94704383,-119.4798181,549
Cuyama_4,34.94705454,-119.4795926,550
Cuyama_4,34.94746972,-119.4801013,551
Cuyama_4,34.94723275,-119.4804624,1
Cuyama_4,34.94736484,-119.4802779,2
Cuyama_4,34.94732025,-119.4803143,3
Cuyama_4,34.94732844,-119.4801729,4
Cuyama_4,34.94729854,-119.4802263,5
Cuyama_4,34.94727688,-119.4801838,6
Cuyama_4,34.94725807,-119.4802132,7
Cuyama_4,34.94716671,-119.4801951,8
Cuyama_4,34.9471329,-119.4800786,9
Cuyama_4,34.94710104,-119.4802449,10
Cuyama_4,34.94706506,-119.4803097,11
Cuyama_4,34.94698934,-119.4803871,12
Cuyama_4,34.94710353,-119.4801286,13
Cuyama_4,34.94692159,-119.4801876,14
Cuyama_4,34.9468749,-119.4801467,15
Cuyama_4,34.94688679,-119.4802093,16
Cuyama_4,34.94739193,-119.4800656,17
Cuyama_4,34.94734883,-119.4799761,18
Cuyama_4,34.94707592,-119.4799016,19
Cuyama_4,34.94730127,-119.480063,20
Cuyama_4,34.94752494,-119.4800268,21
Cuyama_4,34.94768267,-119.480021,22
Cuyama_4,34.94756464,-119.4796873,23
Cuyama_4,34.94747153,-119.4795948,24
Cuyama_4,34.94719419,-119.4796704,25
Cuyama_4,34.9470807,-119.4796735,26
Cuyama_4,34.94704135,-119.4797486,27
Cuyama_4,34.94704383,-119.4798181,28
Cuyama_4,34.94705454,-119.4795926,29
Cuyama_4,34.94746972,-119.4801013,30
Cuyama_5,35.04511685,-119.8900114,1
Cuyama_5,35.04517081,-119.8899539,2
Cuyama_5,35.04527144,-119.8899725,3
Cuyama_5,35.04549047,-119.8898796,4
Cuyama_5,35.04544273,-119.8898569,5
Cuyama_5,35.04531442,-119.8898257,6
Cuyama_5,35.04525272,-119.8898357,7
Cuyama_5,35.04521407,-119.8898096,8
Cuyama_5,35.04533732,-119.8899209,9
Cuyama_5,35.04533646,-119.8896466,10
Cuyama_5,35.04521927,-119.8897153,11
Cuyama_5,35.04532308,-119.8893034,12
Cuyama_5,35.04554585,-119.8899551,13
Cuyama_5,35.04545432,-119.8899474,14
Cuyama_5,35.04542026,-119.8899999,15
Cuyama_5,35.04568864,-119.8898382,16
Cuyama_5,35.04561546,-119.8900213,17
Cuyama_5,35.04573752,-119.8900044,18
Cuyama_5,35.04580785,-119.8899507,19
Cuyama_5,35.04573012,-119.8899479,20
Cuyama_5,35.045731,-119.8898898,21
Cuyama_5,35.04570964,-119.8899102,22
Cuyama_5,35.0456231,-119.8897182,23
Cuyama_5,35.04556633,-119.8898187,24
Cuyama_5,35.04555143,-119.8897912,25
Cuyama_5,35.04588498,-119.88991,26
Cuyama_5,35.0458531,-119.8898644,27
Cuyama_5,35.04583209,-119.8898473,28
Cuyama_5,35.04587698,-119.889783,29
Cuyama_5,35.04579043,-119.8899318,30
Cuyama_5,35.04583032,-119.8897905,31
Cuyama_5,35.0458085,-119.8897925,32
Cuyama_5,35.04579008,-119.8898539,33
Cuyama_5,35.045791,-119.8897588,34
Cuyama_5,35.0458921,-119.8896573,35
Cuyama_5,35.04594785,-119.889858,36
Cuyama_5,35.04591491,-119.8898251,37
Cuyama_5,35.04591135,-119.889867,38
Cuyama_5,35.04579099,-119.8897323,39
Cuyama_5,35.04584769,-119.8896725,40
Cuyama_5,35.04580044,-119.8896958,41
Cuyama_5,35.04576428,-119.8896816,42
Cuyama_5,35.04573216,-119.8897092,43
Cuyama_5,35.04571931,-119.8896491,44
Cuyama_5,35.04569317,-119.8896877,45
Cuyama_5,35.04579205,-119.8896313,46
Cuyama_5,35.0458007,-119.8895947,47
Cuyama_5,35.04578404,-119.8896098,48
Cuyama_5,35.04578327,-119.8896529,49
Cuyama_5,35.04577738,-119.8895566,50
Cuyama_5,35.04576569,-119.8895741,51
Cuyama_5,35.04555868,-119.889742,52
Cuyama_5,35.04553257,-119.8897374,53
Cuyama_5,35.04573562,-119.8894973,54
Cuyama_5,35.04573181,-119.8896017,55
Cuyama_5,35.04569235,-119.8895044,56
Cuyama_5,35.04571772,-119.8895811,57
Cuyama_5,35.04568735,-119.8895336,58
Cuyama_5,35.04565348,-119.8895811,59
Cuyama_5,35.0456723,-119.889634,60
Cuyama_5,35.04565557,-119.8895229,61
Cuyama_5,35.04562322,-119.8895375,62
Cuyama_5,35.04561767,-119.8895571,63
Cuyama_5,35.04564487,-119.8895462,64
Cuyama_5,35.0456526,-119.8895055,65
Cuyama_5,35.04563904,-119.8894927,66
Cuyama_5,35.04558913,-119.8895857,67
Cuyama_5,35.0455982,-119.8895228,68
Cuyama_5,35.04560908,-119.8894641,69
Cuyama_5,35.04555935,-119.8895221,70
Cuyama_5,35.04663281,-119.8892337,71
Cuyama_5,35.04659211,-119.889284,72
Cuyama_5,35.04656897,-119.8893205,73
Cuyama_5,35.04654401,-119.8893752,74
Cuyama_5,35.04650225,-119.8894185,75
Cuyama_5,35.04641816,-119.8895031,76
Cuyama_5,35.04637043,-119.8895648,77
Cuyama_5,35.04629352,-119.8896132,78
Cuyama_5,35.046252,-119.8896545,79
Cuyama_5,35.04616334,-119.8897198,80
Cuyama_5,35.04621713,-119.8895909,81
Cuyama_5,35.04615963,-119.8898118,82
Cuyama_5,35.04613424,-119.8897633,83
Cuyama_5,35.04610963,-119.8898319,84
Cuyama_5,35.04607258,-119.8897645,85
Cuyama_5,35.04604176,-119.8898715,86
Cuyama_5,35.04603642,-119.8898133,87
Cuyama_5,35.04655663,-119.8889499,88
Cuyama_5,35.04661963,-119.8891896,89
Cuyama_5,35.0465461,-119.8891265,90
Cuyama_5,35.04655713,-119.8890462,91
Cuyama_5,35.04649686,-119.8892174,92
Cuyama_5,35.04645145,-119.8892653,93
Cuyama_5,35.04652489,-119.8890264,94
Cuyama_5,35.04643192,-119.8887344,95
Cuyama_5,35.04645407,-119.8888993,96
Cuyama_5,35.04645947,-119.8890609,97
Cuyama_5,35.04644467,-119.8887792,98
Cuyama_5,35.04641079,-119.8888763,99
Cuyama_5,35.04639689,-119.888605,100
Cuyama_5,35.04634116,-119.8888991,101
Cuyama_5,35.04636604,-119.8887454,102
Cuyama_5,35.04633809,-119.8886586,103
Cuyama_5,35.04643363,-119.8889675,104
Cuyama_5,35.0464262,-119.8890469,105
Cuyama_5,35.04644102,-119.8891556,106
Cuyama_5,35.04639414,-119.8890341,107
Cuyama_5,35.04638323,-119.8890791,108
Cuyama_5,35.04639201,-119.8889551,109
Cuyama_5,35.04637565,-119.8889766,110
Cuyama_5,35.04637744,-119.8890107,111
Cuyama_5,35.04636457,-119.889035,112
Cuyama_5,35.04635525,-119.8889998,113
Cuyama_5,35.04635528,-119.8890923,114
Cuyama_5,35.04633056,-119.8890697,115
Cuyama_5,35.04630069,-119.889116,116
Cuyama_5,35.04636153,-119.8893109,117
Cuyama_5,35.04640701,-119.8892574,118
Cuyama_5,35.0462955,-119.8891975,119
Cuyama_5,35.0463983,-119.8894014,120
Cuyama_5,35.04635332,-119.8893723,121
Cuyama_5,35.04629138,-119.8892878,122
Cuyama_5,35.04632999,-119.8893969,123
Cuyama_5,35.04635683,-119.8894624,124
Cuyama_5,35.04620619,-119.8893438,125
Cuyama_5,35.04621215,-119.8894655,126
Cuyama_5,35.0462732,-119.8892375,127
Cuyama_5,35.04626386,-119.8892506,128
Cuyama_5,35.0462608,-119.8891643,129
Cuyama_5,35.04628061,-119.8891199,130
Cuyama_5,35.04637535,-119.8891387,131
Cuyama_5,35.04629166,-119.8894025,132
Cuyama_5,35.04624783,-119.8892318,133
Cuyama_5,35.04623621,-119.889185,134
Cuyama_5,35.0462263,-119.8892477,135
Cuyama_5,35.0462793,-119.8890511,136
Cuyama_5,35.0463313,-119.8889993,137
Cuyama_5,35.04628103,-119.8890062,138
Cuyama_5,35.04622548,-119.8890517,139
Cuyama_5,35.04546851,-119.8896744,140
Cuyama_5,35.04541701,-119.889809,141
Cuyama_5,35.04547705,-119.8894946,142
Cuyama_5,35.04617589,-119.8896178,143
Cuyama_5,35.04618803,-119.8895455,144
Cuyama_5,35.04618314,-119.8895186,145
Cuyama_5,35.04628311,-119.8895368,146
Cuyama_5,35.04625314,-119.8895406,147
Cuyama_5,35.0461599,-119.889654,148
Cuyama_5,35.0461378,-119.8896542,149
Cuyama_5,35.04615926,-119.8895789,150
Cuyama_5,35.04615664,-119.8895118,151
Cuyama_5,35.04616892,-119.889454,152
Cuyama_5,35.04613437,-119.8896031,153
Cuyama_5,35.04611272,-119.8896332,154
Cuyama_5,35.04610585,-119.8896809,155
Cuyama_5,35.0460673,-119.8896273,156
Cuyama_5,35.04617378,-119.8893275,157
Cuyama_5,35.04615953,-119.8893,158
Cuyama_5,35.04615144,-119.8893766,159
Cuyama_5,35.04607566,-119.8895237,160
Cuyama_5,35.04612948,-119.8894995,161
Cuyama_5,35.04603763,-119.8895179,162
Cuyama_5,35.04609041,-119.8893988,163
Cuyama_5,35.04602316,-119.8896652,164
Cuyama_5,35.04598656,-119.8896879,165
Cuyama_5,35.04600287,-119.8896161,166
Cuyama_5,35.04600037,-119.8894753,167
Cuyama_5,35.04609099,-119.8893079,168
Cuyama_5,35.04605993,-119.8893534,169
Cuyama_5,35.04612018,-119.8892335,170
Cuyama_5,35.04604878,-119.88927,171
Cuyama_5,35.04607858,-119.8892274,172
Cuyama_5,35.046059,-119.8892204,173
Cuyama_5,35.04597048,-119.8897796,174
Cuyama_5,35.04601388,-119.8895531,175
Cuyama_5,35.04597054,-119.8895354,176
Cuyama_5,35.04597775,-119.8895525,177
Cuyama_5,35.04594678,-119.8895741,178
Cuyama_5,35.04594832,-119.8895464,179
Cuyama_5,35.04593513,-119.8896555,180
Cuyama_5,35.04604852,-119.8894196,181
Cuyama_5,35.04600931,-119.8893306,182
Cuyama_5,35.04597129,-119.8893378,183
Cuyama_5,35.04595606,-119.889349,184
Cuyama_5,35.0459605,-119.8894445,185
Cuyama_5,35.04593969,-119.8894623,186
Cuyama_5,35.04593103,-119.8894909,187
Cuyama_5,35.04590929,-119.8895168,188
Cuyama_5,35.04586917,-119.889583,189
Cuyama_5,35.04584821,-119.8896057,190
Cuyama_5,35.0458451,-119.8896389,191
Cuyama_5,35.04588641,-119.8894903,192
Cuyama_5,35.04602947,-119.8894029,193
Cuyama_5,35.04649703,-119.8893212,194
Cuyama_5,35.0463749,-119.8888171,195
Cuyama_5,35.04629804,-119.8888888,196
Cuyama_5,35.04631468,-119.8887919,197
Cuyama_5,35.04629279,-119.8888179,198
Cuyama_5,35.04627477,-119.8889747,199
Cuyama_5,35.04626612,-119.8889118,200
Cuyama_5,35.04623911,-119.8889503,201
Cuyama_5,35.04623943,-119.8891084,202
Cuyama_5,35.04634884,-119.8885952,203
Cuyama_5,35.0463412,-119.8885621,204
Cuyama_5,35.04630291,-119.8886603,205
Cuyama_5,35.04630989,-119.8887076,206
Cuyama_5,35.04628432,-119.8886761,207
Cuyama_5,35.04626558,-119.8888027,208
Cuyama_5,35.04628467,-119.8887462,209
Cuyama_5,35.04623417,-119.8886981,210
Cuyama_5,35.0462396,-119.8887839,211
Cuyama_5,35.04618823,-119.8887602,212
Cuyama_5,35.04609622,-119.8890029,213
Cuyama_5,35.04599875,-119.8890718,214
Cuyama_5,35.04609697,-119.8891564,215
Cuyama_5,35.04604296,-119.8891603,216
Cuyama_5,35.04611661,-119.888786,217
Cuyama_5,35.04611161,-119.8890989,218
Cuyama_5,35.04620611,-119.8886289,219
Cuyama_5,35.04624919,-119.8885967,220
Cuyama_5,35.04612273,-119.8886203,221
Cuyama_5,35.04606828,-119.8884774,222
Cuyama_5,35.04604852,-119.8884994,223
Cuyama_5,35.04637629,-119.8884715,224
Cuyama_5,35.04635162,-119.8884491,225
Cuyama_5,35.0462828,-119.8883616,226
Cuyama_5,35.04616094,-119.8883348,227
Cuyama_5,35.04614201,-119.8879168,228
Cuyama_5,35.04616993,-119.8879854,229
Cuyama_5,35.04618385,-119.8880261,230
Cuyama_5,35.04626237,-119.888167,231
Cuyama_5,35.04635094,-119.8884079,232
Cuyama_5,35.04630389,-119.8884437,233
Cuyama_5,35.04633103,-119.8883464,234
Cuyama_5,35.04603584,-119.8883099,235
Cuyama_5,35.04615336,-119.8881347,236
Cuyama_5,35.04610715,-119.8881152,237
Cuyama_5,35.04615322,-119.8880333,238
Cuyama_5,35.04596685,-119.8884741,239
Cuyama_5,35.04604829,-119.8880093,240
Cuyama_5,35.04613296,-119.8878462,241
Cuyama_5,35.04593225,-119.8879607,242
Cuyama_5,35.04608681,-119.8881643,243
Cuyama_5,35.04608668,-119.8882296,244
Cuyama_5,35.04603161,-119.8881938,245
Cuyama_5,35.04601698,-119.8880387,246
Cuyama_5,35.04597212,-119.8883929,247
Cuyama_5,35.04599477,-119.8882914,248
Cuyama_5,35.04600248,-119.8882442,249
Cuyama_5,35.04625654,-119.8884313,250
Cuyama_5,35.0462144,-119.8884627,251
Cuyama_5,35.04624998,-119.8883668,252
Cuyama_5,35.04631893,-119.8882357,253
Cuyama_5,35.04602624,-119.8886212,254
Cuyama_5,35.04600008,-119.8886244,255
Cuyama_5,35.04598505,-119.8885754,256
Cuyama_5,35.04628094,-119.888258,257
Cuyama_5,35.04601465,-119.8881233,258
Cuyama_5,35.04616517,-119.8884511,259
Cuyama_5,35.04616981,-119.8885347,260
Cuyama_5,35.0461394,-119.8885622,261
Cuyama_5,35.04614081,-119.8885166,262
Cuyama_5,35.04616321,-119.8884018,263
Cuyama_5,35.04603637,-119.8886818,264
Cuyama_5,35.04603692,-119.888767,265
Cuyama_5,35.04594527,-119.888446,266
Cuyama_5,35.04612097,-119.8883735,267
Cuyama_5,35.04597619,-119.888756,268
Cuyama_5,35.04617051,-119.8889612,269
Cuyama_5,35.0461594,-119.8890029,270
Cuyama_5,35.04607339,-119.8890765,271
Cuyama_5,35.04607509,-119.8888972,272
Cuyama_5,35.04605527,-119.8888738,273
Cuyama_5,35.04605717,-119.8889695,274
Cuyama_5,35.04594545,-119.8891179,275
Cuyama_5,35.04599581,-119.889139,276
Cuyama_5,35.04598048,-119.8891997,277
Cuyama_5,35.0459372,-119.8891893,278
Cuyama_5,35.04603566,-119.8889807,279
Cuyama_5,35.04602416,-119.8888772,280
Cuyama_5,35.04598701,-119.8889072,281
Cuyama_5,35.04596984,-119.8888736,282
Cuyama_5,35.04589726,-119.8889651,283
Cuyama_5,35.04592761,-119.8889079,284
Cuyama_5,35.04596813,-119.8888359,285
Cuyama_5,35.04591458,-119.8890713,286
Cuyama_5,35.04590859,-119.8892236,287
Cuyama_5,35.04593065,-119.8891359,288
Cuyama_5,35.04589385,-119.8891396,289
Cuyama_5,35.04582845,-119.8893432,290
Cuyama_5,35.04576619,-119.8893378,291
Cuyama_5,35.04569333,-119.8893297,292
Cuyama_5,35.0457586,-119.889232,293
Cuyama_5,35.0456689,-119.8893249,294
Cuyama_5,35.04564895,-119.8893267,295
Cuyama_5,35.04557058,-119.8894177,296
Cuyama_5,35.04552805,-119.8894647,297
Cuyama_5,35.04570339,-119.8892283,298
Cuyama_5,35.04579234,-119.8891164,299
Cuyama_5,35.04580077,-119.8890738,300
Cuyama_5,35.04583028,-119.8890299,301
Cuyama_5,35.04569642,-119.8890758,302
Cuyama_5,35.04567387,-119.889158,303
Cuyama_5,35.04543607,-119.889169,304
Cuyama_5,35.0454585,-119.8893662,305
Cuyama_5,35.04560766,-119.8892352,306
Cuyama_5,35.04558343,-119.8891478,307
Cuyama_5,35.0454552,-119.8890801,308
Cuyama_5,35.04543534,-119.8890832,309
Cuyama_5,35.04541117,-119.8891324,310
Cuyama_5,35.04535777,-119.8890708,311
Cuyama_5,35.04582353,-119.8892555,312
Cuyama_5,35.04568952,-119.8890465,313
Cuyama_5,35.04564219,-119.8889519,314
Cuyama_5,35.04550961,-119.8891921,315
Cuyama_5,35.04555657,-119.8890804,316
Cuyama_5,35.04558018,-119.8890114,317
Cuyama_5,35.04556206,-119.8889115,318
Cuyama_5,35.04551122,-119.8890175,319
Cuyama_5,35.0456638,-119.889085,320
Cuyama_5,35.04579281,-119.8889491,321
Cuyama_5,35.04538283,-119.8892661,322
Cuyama_5,35.04585782,-119.889134,323
Cuyama_5,35.04583106,-119.8888565,324
Cuyama_5,35.04597619,-119.888756,325
Cuyama_5,35.04594018,-119.8886257,326
Cuyama_5,35.04590003,-119.8886692,327
Cuyama_5,35.04594487,-119.8885663,328
Cuyama_5,35.04582413,-119.8885659,329
Cuyama_5,35.04595076,-119.8883216,330
Cuyama_5,35.04596522,-119.888285,331
Cuyama_5,35.04589467,-119.8885155,332
Cuyama_5,35.04583,-119.888746,333
Cuyama_5,35.04571792,-119.8888121,334
Cuyama_5,35.04560043,-119.8887885,335
Cuyama_5,35.04552895,-119.8888324,336
Cuyama_5,35.04549258,-119.8888353,337
Cuyama_5,35.04573776,-119.8887624,338
Cuyama_5,35.04592254,-119.8884185,339
Cuyama_5,35.04578245,-119.8885113,340
Cuyama_5,35.0458089,-119.8883946,341
Cuyama_5,35.04572676,-119.8889465,342
Cuyama_5,35.04595272,-119.8894179,343
Cuyama_5,35.04538283,-119.8892661,344
Cuyama_5,35.0458121,-119.8887069,345
Cuyama_5,35.0457896,-119.8886538,346
Cuyama_5,35.04573931,-119.8886503,347
Cuyama_5,35.04562047,-119.8886708,348
Cuyama_5,35.04566694,-119.8888367,349
Cuyama_5,35.0454959,-119.8886903,350
Cuyama_5,35.04575054,-119.8884451,351
Cuyama_5,35.04565211,-119.8883728,352
Cuyama_5,35.04593826,-119.8882883,353
Cuyama_5,35.045977,-119.8881786,354
Cuyama_5,35.04591236,-119.8882711,355
Cuyama_5,35.04588392,-119.8882688,356
Cuyama_5,35.04588824,-119.8882205,357
Cuyama_5,35.04587501,-119.8882026,358
Cuyama_5,35.04561822,-119.8883371,359
Cuyama_5,35.04585225,-119.8882214,360
Cuyama_5,35.04586124,-119.8880997,361
Cuyama_5,35.04559319,-119.8881955,362
Cuyama_5,35.04546433,-119.888837,363
Cuyama_5,35.04543364,-119.8889044,364
Cuyama_5,35.04541075,-119.8889167,365
Cuyama_5,35.04537615,-119.8889873,366
Cuyama_5,35.04538583,-119.8889404,367
Cuyama_5,35.04526869,-119.8896438,368
Cuyama_5,35.04533171,-119.8892209,369
Cuyama_5,35.04529985,-119.8890519,370
Cuyama_5,35.04528096,-119.8891441,371
Cuyama_5,35.04526695,-119.889217,372
Cuyama_5,35.04532074,-119.88897,373
Cuyama_5,35.04573033,-119.8883977,374
Cuyama_5,35.04571963,-119.8884384,375
Cuyama_5,35.04559303,-119.888354,376
Cuyama_5,35.04540636,-119.8887362,377
Cuyama_5,35.04544484,-119.8886735,378
Cuyama_5,35.0453555,-119.8887705,379
Cuyama_5,35.04533179,-119.8887964,380
Cuyama_5,35.04542334,-119.8882631,381
Cuyama_5,35.04553006,-119.8884554,382
Cuyama_5,35.04546189,-119.8884769,383
Cuyama_5,35.04543552,-119.8884599,384
Cuyama_5,35.0454115,-119.8883643,385
Cuyama_5,35.04592387,-119.8881459,386
Cuyama_5,35.04595107,-119.8880957,387
Cuyama_5,35.04589632,-119.8880136,388
Cuyama_6,35.04868906,-119.89626,389
Cuyama_6,35.04861519,-119.8963173,390
Cuyama_6,35.04862316,-119.8963882,391
Cuyama_6,35.04859292,-119.8963447,392
Cuyama_6,35.0486075,-119.8964888,393
Cuyama_6,35.04862337,-119.8965502,394
Cuyama_6,35.04855185,-119.8964278,395
Cuyama_6,35.04857679,-119.896165,396
Cuyama_6,35.0484846,-119.8964367,397
Cuyama_6,35.04826579,-119.8969592,398
Cuyama_6,35.04822364,-119.8967002,399
Cuyama_6,35.04825549,-119.8963454,400
Cuyama_6,35.04819365,-119.8966529,401
Cuyama_6,35.04863129,-119.8968211,402
Cuyama_6,35.0485312,-119.8968877,403
Cuyama_6,35.0485325,-119.8967335,404
Cuyama_6,35.04871122,-119.8967003,405
Cuyama_6,35.04871363,-119.8967536,406
Cuyama_6,35.04891885,-119.8967346,407
Cuyama_6,35.04886957,-119.8967691,408
Cuyama_6,35.04883644,-119.8967958,409
Cuyama_6,35.048854,-119.896659,410
Cuyama_6,35.04877039,-119.8966213,411
Cuyama_6,35.04878048,-119.8967124,412
Cuyama_6,35.04893071,-119.8964778,413
Cuyama_6,35.04891398,-119.8965074,414
Cuyama_6,35.04899174,-119.8965639,415
Cuyama_6,35.04881224,-119.8964287,416
Cuyama_6,35.04904086,-119.8965942,417
Cuyama_6,35.04907415,-119.8966003,418
Cuyama_6,35.0495684,-119.8965271,419
Cuyama_6,35.04951285,-119.8965537,420
Cuyama_6,35.04951341,-119.8965023,421
Cuyama_6,35.0495043,-119.8965801,422
Cuyama_6,35.04940244,-119.8965485,423
Cuyama_6,35.04935973,-119.8966018,424
Cuyama_6,35.04933595,-119.8965904,425
Cuyama_6,35.04927744,-119.8965968,426
Cuyama_6,35.04921825,-119.8965834,427
Cuyama_6,35.04921114,-119.8966421,428
Cuyama_6,35.04912219,-119.8965281,429
Cuyama_6,35.04899959,-119.8962811,430
Cuyama_6,35.04900567,-119.8964896,431
Cuyama_6,35.04906252,-119.8961841,432
Cuyama_6,35.0490191,-119.8961909,433
Cuyama_6,35.04896159,-119.896268,434
Cuyama_6,35.04887865,-119.8961617,435
Cuyama_6,35.04915395,-119.8961176,436
Cuyama_6,35.04910366,-119.896045,437
Cuyama_6,35.04908758,-119.8959812,438
Cuyama_6,35.04902908,-119.8959628,439
Cuyama_6,35.04926471,-119.8960743,440
Cuyama_6,35.0492768,-119.8961209,441
Cuyama_6,35.04924663,-119.8960925,442
Cuyama_6,35.04923382,-119.8961395,443
Cuyama_6,35.04923945,-119.896048,444
Cuyama_6,35.0492515,-119.8960192,445
Cuyama_6,35.04924032,-119.8959172,446
Cuyama_6,35.04918789,-119.8958916,447
Cuyama_6,35.04914298,-119.8958477,448
Cuyama_6,35.04884202,-119.8959484,449
Cuyama_6,35.04878738,-119.8957661,450
Cuyama_6,35.04816276,-119.896201,451
Cuyama_6,35.04833196,-119.8962581,452
Cuyama_6,35.04834274,-119.8964093,453
Cuyama_6,35.04832521,-119.896575,454
Cuyama_6,35.04850654,-119.8961803,455
Cuyama_6,35.04857002,-119.8960778,456
Cuyama_6,35.04854394,-119.8959661,457
Cuyama_6,35.04838129,-119.896057,458
Cuyama_6,35.04819633,-119.8959633,459
Cuyama_6,35.04858213,-119.8958213,460
Cuyama_6,35.04857059,-119.8957102,461
Cuyama_6,35.0485273,-119.8957832,462
Cuyama_6,35.04850173,-119.8957557,463
Cuyama_6,35.04875982,-119.8956495,464
Cuyama_6,35.04874192,-119.8957193,465
Cuyama_6,35.04869715,-119.8956684,466
Cuyama_6,35.04864722,-119.8955232,467
Cuyama_6,35.04844794,-119.8950215,468
Cuyama_6,35.04843924,-119.8950538,469
Cuyama_6,35.04856109,-119.8951504,470
Cuyama_6,35.04850183,-119.8951883,471
Cuyama_6,35.04856435,-119.8950049,472
Cuyama_6,35.04838565,-119.8953497,473
Cuyama_6,35.04837002,-119.8954644,474
Cuyama_6,35.04836307,-119.8952046,475
Cuyama_6,35.04813484,-119.8958644,476
Cuyama_6,35.0481868,-119.8958347,477
Cuyama_6,35.04836933,-119.8956788,478
Cuyama_6,35.04832588,-119.8957505,479
Cuyama_6,35.04825149,-119.8957796,480
Cuyama_6,35.04822391,-119.895764,481
Cuyama_6,35.0482364,-119.8956967,482
Cuyama_6,35.04819995,-119.8956967,483
Cuyama_6,35.04818706,-119.8954447,484
Cuyama_6,35.04832492,-119.8951311,485
Cuyama_6,35.04830458,-119.8951909,486
Cuyama_6,35.04878128,-119.8953224,487
Cuyama_6,35.04883433,-119.8955346,488
Cuyama_6,35.0488996,-119.8950962,489
Cuyama_6,35.04910473,-119.8958457,490
Cuyama_6,35.04916418,-119.895774,491
Cuyama_6,35.04917335,-119.8956558,492
Cuyama_6,35.04908885,-119.895776,493
Cuyama_6,35.04900498,-119.8957795,494
Cuyama_6,35.04907763,-119.8956449,495
Cuyama_6,35.0489446,-119.8957458,496
Cuyama_6,35.04894342,-119.8957142,497
Cuyama_6,35.04907715,-119.8951842,498
Cuyama_6,35.04927546,-119.8953697,499
Cuyama_6,35.04921314,-119.8955489,500
Cuyama_6,35.04915498,-119.8954585,501
Cuyama_6,35.04910767,-119.8954769,502
Cuyama_6,35.04893936,-119.8954316,503
Cuyama_6,35.04937118,-119.8958329,504
Cuyama_6,35.04932718,-119.89621,505
Cuyama_6,35.04940066,-119.895673,506
Cuyama_6,35.0495828,-119.895911,507
Cuyama_6,35.04964548,-119.896192,508
Cuyama_6,35.04957203,-119.8962208,509
Cuyama_6,35.04990419,-119.8959991,510
Cuyama_6,35.04980814,-119.8960397,511
Cuyama_6,35.04984897,-119.8959246,512
Cuyama_6,35.0496858,-119.8964966,513
Cuyama_6,35.04999507,-119.8963154,514
Cuyama_6,35.04990675,-119.8964486,515
Cuyama_6,35.0500207,-119.8955631,516
Cuyama_6,35.04992449,-119.8953188,517
Cuyama_6,35.04976187,-119.8952474,518
Cuyama_6,35.04951072,-119.8955159,519
Cuyama_6,35.04937828,-119.8953411,520
Cuyama_6,35.04973073,-119.8951228,521